4591,Anuj Sharma,@password123,4,8,9,10
4592,Riya Kapoor,@securePwd789,1,5,7,11
4593,Arjun Singh,@pass123word,2,6,8,12
4594,Neha Verma,@mySecret321,3,7,9,13
4595,Rajesh Patel,@strongPass456,4,8,10,14
4596,Deepa Sharma,@userPwd111,5,9,11,15
4597,Vikas Mehta,@passWord567,6,10,12,16
4598,Ayesha Khan,@1234securePwd,7,11,13,17
4599,Kiran Gupta,@pwd9876safe,8,12,14,18
4600,Sanjay Verma,@securePass321,9,13,15,19
4601,Anita Singh,@pass12345word,10,14,16,20
4602,Aditi Sharma,@passSecure789,1,5,9,11
4603,Vivek Kapoor,@strongPwd456,2,6,10,12
4604,Megha Verma,@safePassword321,3,7,11,13
4605,Siddharth Patel,@userPwd789,4,8,12,14
4606,Sapna Gupta,@securePass123,5,9,13,15
4607,Rajat Mehta,@mySecret456,6,10,14,16
4608,Anita Verma,@pwdSecure987,7,11,15,17
4609,Kunal Singh,@password1234safe,8,12,16,18
4610,Deepika Kapoor,@safePwd111,9,13,17,19
4611,Varun Sharma,@pass123word567,10,14,18,20